<?xml version="1.0" encoding="UTF-8"?>
<project-private xmlns="http://www.netbeans.org/ns/project-private/1">
    <editor-bookmarks xmlns="http://www.netbeans.org/ns/editor-bookmarks/2" lastBookmarkId="0"/>
    <open-files xmlns="http://www.netbeans.org/ns/projectui-open-files/2">
        <group>
            <file>file:/C:/Users/User/Documents/Estructura_de_Datos_2025/Data_Structures_UNED/Proyecto1/Proyecto1/src/proyecto1/Proyecto1.java</file>
            <file>file:/C:/Users/User/Documents/Estructura_de_Datos_2025/Data_Structures_UNED/Proyecto1/Proyecto1/src/proyecto1/RegistrarCelebracionFrame.java</file>
            <file>file:/C:/Users/User/Documents/Estructura_de_Datos_2025/Data_Structures_UNED/Proyecto1/Proyecto1/src/proyecto1/PaisesInvertidosFrame.java</file>
            <file>file:/C:/Users/User/Documents/Estructura_de_Datos_2025/Data_Structures_UNED/Proyecto1/Proyecto1/src/proyecto1/OrdenarCelebracionesFrame.java</file>
            <file>file:/C:/Users/User/Documents/Estructura_de_Datos_2025/Data_Structures_UNED/Proyecto1/Proyecto1/src/proyecto1/ListarCelebracionesFrame.java</file>
            <file>file:/C:/Users/User/Documents/Estructura_de_Datos_2025/Data_Structures_UNED/Proyecto1/Proyecto1/src/proyecto1/DateLabelFormatter.java</file>
            <file>file:/C:/Users/User/Documents/Estructura_de_Datos_2025/Data_Structures_UNED/Proyecto1/Proyecto1/src/proyecto1/Celebracion.java</file>
            <file>file:/C:/Users/User/Documents/Estructura_de_Datos_2025/Data_Structures_UNED/Proyecto1/Proyecto1/src/proyecto1/BuscarEditarCelebracionFrame.java</file>
        </group>
    </open-files>
</project-private>
